"category","subcategory","ID","Description","GeneRatio","BgRatio","RichFactor","FoldEnrichment","zScore","pvalue","p.adjust","qvalue","geneID","Count"
"Human Diseases","Cardiovascular disease","hsa05417","Lipid and atherosclerosis","8/10","216/9421",0.037037037037037,34.8925925925926,16.4258304264127,2.90514579497087e-12,4.76443910375223e-10,1.49844362056392e-10,"207/7157/7124/836/596/4318/3553/3569",8
"Human Diseases","Infectious disease: viral","hsa05161","Hepatitis B","7/10","163/9421",0.0429447852760736,40.458282208589,16.5646000078194,4.68862862987998e-11,3.84467547650158e-09,1.20917264665326e-09,"207/7157/7124/836/596/4318/3569",7
"Human Diseases","Infectious disease: viral","hsa05168","Herpes simplex virus 1 infection","7/10","180/9421",0.0388888888888889,36.6372222222222,15.7357764550205,9.46177177720353e-11,5.1724352382046e-09,1.62676076169464e-09,"207/7157/7124/836/596/3553/3569",7
"Human Diseases","Endocrine and metabolic disease","hsa04933","AGE-RAGE signaling pathway in diabetic complications","6/10","101/9421",0.0594059405940594,55.9663366336634,18.1032725007217,2.65134747337412e-10,1.08705246408339e-08,3.418842794614e-09,"207/7124/836/596/3553/3569",6
"Environmental Information Processing","Signal transduction","hsa04668","TNF signaling pathway","6/10","119/9421",0.0504201680672269,47.5008403361345,16.6400136830503,7.21180404326983e-10,2.3654717261925e-08,7.43954522358362e-09,"207/7124/836/4318/3553/3569",6
"Human Diseases","Infectious disease: viral","hsa05162","Measles","6/10","136/9421",0.0441176470588235,41.5632352941176,15.5316877741202,1.62302654074928e-09,4.43627254471469e-08,1.39523334204762e-08,"207/7157/836/596/3553/3569",6
"Human Diseases","Cardiovascular disease","hsa05418","Fluid shear stress and atherosclerosis","6/10","142/9421",0.0422535211267606,39.8070422535211,15.188388349163,2.10834310914703e-09,4.93954671285877e-08,1.55351597516097e-08,"207/7157/7124/596/4318/3553",6
"Human Diseases","Infectious disease: bacterial","hsa05152","Tuberculosis","6/10","181/9421",0.0331491712707182,31.2298342541436,13.3858709119135,9.12325220814918e-09,1.87026670267058e-07,5.88209681841197e-08,"207/7124/836/596/3553/3569",6
"Human Diseases","Cancer: overview","hsa05205","Proteoglycans in cancer","6/10","204/9421",0.0294117647058824,27.7088235294118,12.5713701324595,1.87197285815869e-08,2.94140442625353e-07,9.25088683481535e-08,"207/7157/7124/836/4318/3091",6
"Human Diseases","Infectious disease: viral","hsa05169","Epstein-Barr virus infection","6/10","205/9421",0.0292682926829268,27.5736585365854,12.5390493699294,1.92769994649244e-08,2.94140442625353e-07,9.25088683481535e-08,"207/7157/7124/836/596/3569",6
"Human Diseases","Cancer: specific types","hsa05222","Small cell lung cancer","5/10","93/9421",0.0537634408602151,50.6505376344086,15.6847906287918,2.03867429881564e-08,2.94140442625353e-07,9.25088683481535e-08,"207/7157/836/596/5728",5
"Organismal Systems","Immune system","hsa04657","IL-17 signaling pathway","5/10","94/9421",0.0531914893617021,50.1117021276596,15.5985952569115,2.15224714116112e-08,2.94140442625353e-07,9.25088683481535e-08,"7124/836/4318/3553/3569",5
"Human Diseases","Infectious disease: viral","hsa05163","Human cytomegalovirus infection","6/10","227/9421",0.026431718061674,24.9013215859031,11.8820167104629,3.55026978872578e-08,4.4788018873156e-07,1.40860906597217e-07,"207/7157/7124/836/3553/3569",6
"Human Diseases","Cancer: specific types","hsa05215","Prostate cancer","5/10","106/9421",0.0471698113207547,44.438679245283,14.6603952679828,3.95231596651552e-08,4.62985584648961e-07,1.45611640871624e-07,"207/7157/596/4318/5728",5
"Human Diseases","Infectious disease: bacterial","hsa05132","Salmonella infection","6/10","249/9421",0.0240963855421687,22.7012048192771,11.3125122141249,6.17060378585827e-08,6.74652680587171e-07,2.12182165268109e-07,"207/7124/836/596/3553/3569",6
"Environmental Information Processing","Signal transduction","hsa04071","Sphingolipid signaling pathway","5/10","125/9421",0.04,37.684,13.4583307867494,9.06951034696224e-08,9.29624810563629e-07,2.92372373027072e-07,"207/7157/7124/596/5728",5
"Cellular Processes","Cell growth and death","hsa04210","Apoptosis","5/10","138/9421",0.036231884057971,34.1340579710145,12.781374510383,1.4902365020743e-07,1.43763991964815e-06,4.52146059452883e-07,"207/7157/7124/836/596",5
"Human Diseases","Endocrine and metabolic disease","hsa04936","Alcoholic liver disease","5/10","144/9421",0.0347222222222222,32.7118055555556,12.499884563804,1.84436301281397e-07,1.68041963389717e-06,5.28501682034412e-07,"207/7124/836/3553/3569",5
"Human Diseases","Infectious disease: bacterial","hsa05134","Legionellosis","4/10","56/9421",0.0714285714285714,67.2928571428571,16.2186396382893,2.28978371367294e-07,1.97644488969664e-06,6.21603335013706e-07,"7124/836/3553/3569",4
"Human Diseases","Endocrine and metabolic disease","hsa04932","Non-alcoholic fatty liver disease","5/10","157/9421",0.0318471337579618,30.0031847133758,11.9454855203931,2.84153451326521e-07,2.33005830087747e-06,7.32816795526292e-07,"207/7124/836/3553/3569",5
"Human Diseases","Infectious disease: viral","hsa05164","Influenza A","5/10","173/9421",0.0289017341040462,27.228323699422,11.3495133654895,4.61080474089322e-07,3.60081894050708e-06,1.13247835741237e-06,"207/7124/836/3553/3569",5
"Human Diseases","Cancer: overview","hsa05230","Central carbon metabolism in cancer","4/10","71/9421",0.0563380281690141,53.0760563380282,14.3571759168761,6.0110999977399e-07,4.48100181649702e-06,1.40930095640792e-06,"207/7157/3091/5728",4
"Human Diseases","Drug resistance: antineoplastic","hsa01524","Platinum drug resistance","4/10","75/9421",0.0533333333333333,50.2453333333333,13.9569457204917,7.50409143883775e-07,5.12779581653913e-06,1.61272140571513e-06,"207/7157/836/596",4
"Cellular Processes","Cell growth and death","hsa04115","p53 signaling pathway","4/10","75/9421",0.0533333333333333,50.2453333333333,13.9569457204917,7.50409143883775e-07,5.12779581653913e-06,1.61272140571513e-06,"7157/836/596/5728",4
"Human Diseases","Infectious disease: viral","hsa05167","Kaposi sarcoma-associated herpesvirus infection","5/10","196/9421",0.0255102040816327,24.0331632653061,10.6219927083239,8.57704239426911e-07,5.54642273167748e-06,1.74438198878175e-06,"207/7157/836/3091/3569",5
"Human Diseases","Infectious disease: bacterial","hsa05133","Pertussis","4/10","78/9421",0.0512820512820513,48.3128205128205,13.676990035704,8.79310920875698e-07,5.54642273167748e-06,1.74438198878175e-06,"7124/836/3553/3569",4
"Human Diseases","Drug resistance: antineoplastic","hsa01521","EGFR tyrosine kinase inhibitor resistance","4/10","80/9421",0.05,47.105,13.4990715262307,9.73956630993465e-07,5.91588472158993e-06,1.86057991885691e-06,"207/596/3569/5728",4
"Human Diseases","Cancer: specific types","hsa05210","Colorectal cancer","4/10","87/9421",0.0459770114942529,43.3149425287356,12.9248957276573,1.36582453146262e-06,7.99982939856676e-06,2.51599255795745e-06,"207/7157/836/596",4
"Human Diseases","Infectious disease: viral","hsa05166","Human T-cell leukemia virus 1 infection","5/10","224/9421",0.0223214285714286,21.0290178571429,9.88935880834691,1.66202599504098e-06,9.39904355816276e-06,2.95605349390228e-06,"207/7157/7124/3569/5728",5
"Human Diseases","Drug resistance: antineoplastic","hsa01522","Endocrine resistance","4/10","99/9421",0.0404040404040404,38.0646464646465,12.0845497709365,2.29567439918525e-06,1.25496867155461e-05,3.94694896702026e-06,"207/7157/596/4318",4
"Human Diseases","Infectious disease: parasitic","hsa05142","Chagas disease","4/10","103/9421",0.0388349514563107,36.5864077669903,11.8371997091764,2.69075009765385e-06,1.3790094250476e-05,4.33706430213942e-06,"207/7124/3553/3569",4
"Human Diseases","Infectious disease: parasitic","hsa05146","Amoebiasis","4/10","103/9421",0.0388349514563107,36.5864077669903,11.8371997091764,2.69075009765385e-06,1.3790094250476e-05,4.33706430213942e-06,"7124/836/3553/3569",4
"Organismal Systems","Immune system","hsa04625","C-type lectin receptor signaling pathway","4/10","105/9421",0.0380952380952381,35.8895238095238,11.7187831058365,2.90622215962267e-06,1.4443043459943e-05,4.54242060036718e-06,"207/7124/3553/3569",4
"Human Diseases","Infectious disease: bacterial","hsa05131","Shigellosis","5/10","253/9421",0.0197628458498024,18.6185770750988,9.25979460706076,3.03091248330269e-06,1.46196955076953e-05,4.59797868984e-06,"207/7157/7124/596/3553",5
"Organismal Systems","Immune system","hsa04620","Toll-like receptor signaling pathway","4/10","109/9421",0.036697247706422,34.5724770642202,11.4916586141353,3.37533476746139e-06,1.51091812862138e-05,4.75192479476557e-06,"207/7124/3553/3569",4
"Human Diseases","Endocrine and metabolic disease","hsa04931","Insulin resistance","4/10","109/9421",0.036697247706422,34.5724770642202,11.4916586141353,3.37533476746139e-06,1.51091812862138e-05,4.75192479476557e-06,"207/7124/3569/5728",4
"Human Diseases","Drug resistance: antineoplastic","hsa01523","Antifolate resistance","3/10","30/9421",0.1,94.21,16.6676656398478,3.44479511098422e-06,1.51091812862138e-05,4.75192479476557e-06,"7124/3553/3569",3
"Environmental Information Processing","Signal transduction","hsa04066","HIF-1 signaling pathway","4/10","110/9421",0.0363636363636364,34.2581818181818,11.4367926440046,3.50090785900075e-06,1.51091812862138e-05,4.75192479476557e-06,"207/596/3091/3569",4
"Human Diseases","Infectious disease: parasitic","hsa05145","Toxoplasmosis","4/10","112/9421",0.0357142857142857,33.6464285714286,11.3292389938409,3.76242732415508e-06,1.58214892605496e-05,4.97594976743857e-06,"207/7124/836/596",4
"Human Diseases","Infectious disease: parasitic","hsa05143","African trypanosomiasis","3/10","37/9421",0.0810810810810811,76.3864864864865,14.9764172058296,6.56690633933452e-06,2.69243159912715e-05,8.46785291124715e-06,"7124/3553/3569",3
"Environmental Information Processing","Signal transduction","hsa04010","MAPK signaling pathway","5/10","301/9421",0.0166112956810631,15.6495016611296,8.42008052099832,7.11450233740796e-06,2.84580093496319e-05,8.95020833204083e-06,"207/7157/7124/836/3553",5
"Human Diseases","Infectious disease: bacterial","hsa05135","Yersinia infection","4/10","138/9421",0.0289855072463768,27.3072463768116,10.1479501416062,8.64522754340997e-06,3.37575551695056e-05,1.06169461059421e-05,"207/7124/3553/3569",4
"Human Diseases","Cancer: overview","hsa05206","MicroRNAs in cancer","5/10","323/9421",0.0154798761609907,14.5835913312693,8.0974908651126,1.00457996954867e-05,3.83142127920886e-05,1.20500412504001e-05,"7157/836/596/4318/5728",5
"Human Diseases","Infectious disease: viral","hsa05165","Human papillomavirus infection","5/10","333/9421",0.015015015015015,14.1456456456456,7.96118000371367,1.16581268030588e-05,4.34530180841282e-05,1.36662251997579e-05,"207/7157/7124/836/5728",5
"Human Diseases","Immune disease","hsa05332","Graft-versus-host disease","3/10","45/9421",0.0666666666666667,62.8066666666667,13.546913079228,1.1939370789862e-05,4.35123735452747e-05,1.36848928351634e-05,"7124/3553/3569",3
"Human Diseases","Infectious disease: viral","hsa05160","Hepatitis C","4/10","156/9421",0.0256410256410256,24.1564102564103,9.50645041496183,1.40588100151214e-05,5.01227139669545e-05,1.57638830833169e-05,"207/7157/7124/836",4
"Cellular Processes","Cell growth and death","hsa04218","Cellular senescence","4/10","157/9421",0.0254777070063694,24.0025477707006,9.47401480363405,1.44189317553513e-05,5.03128682527151e-05,1.58236877046408e-05,"207/7157/3569/5728",4
"Human Diseases","Infectious disease: parasitic","hsa05144","Malaria","3/10","50/9421",0.06,56.526,12.8320483305948,1.64452987429917e-05,5.6188104038555e-05,1.76714832983902e-05,"7124/3553/3569",3
"Environmental Information Processing","Signal transduction","hsa04151","PI3K-Akt signaling pathway","5/10","362/9421",0.0138121546961326,13.0124309392265,7.59718363397121,1.7509642215153e-05,5.86037004752061e-05,1.84312023317401e-05,"207/7157/596/3569/5728",5
"Cellular Processes","Transport and catabolism","hsa04140","Autophagy - animal","4/10","169/9421",0.0236686390532544,22.298224852071,9.10702466194469,1.9292629382683e-05,6.32798243752003e-05,1.99018703105572e-05,"207/596/3091/5728",4
"Human Diseases","Neurodegenerative disease","hsa05010","Alzheimer disease","5/10","389/9421",0.012853470437018,12.1092544987147,7.2941605276448,2.48300626934497e-05,7.9845691798544e-05,2.51119313101968e-05,"207/7124/836/3553/3569",5
"Human Diseases","Cancer: specific types","hsa05213","Endometrial cancer","3/10","59/9421",0.0508474576271186,47.9033898305085,11.7802222356667,2.71396694732406e-05,8.55943421848359e-05,2.69199150645504e-05,"207/7157/5728",3
"Organismal Systems","Immune system","hsa04621","NOD-like receptor signaling pathway","4/10","187/9421",0.0213903743315508,20.151871657754,8.62272738234007,2.87529631015625e-05,8.89714329935142e-05,2.79820296321065e-05,"7124/596/3553/3569",4
"Human Diseases","Immune disease","hsa05321","Inflammatory bowel disease","3/10","66/9421",0.0454545454545455,42.8227272727273,11.1139896093509,3.80528390434704e-05,0.000113873933726395,3.58140099652975e-05,"7124/3553/3569",3
"Human Diseases","Infectious disease: bacterial","hsa05130","Pathogenic Escherichia coli infection","4/10","201/9421",0.0199004975124378,18.7482587064677,8.29078939915416,3.8189428993608e-05,0.000113873933726395,3.58140099652975e-05,"7124/836/3553/3569",4
"Human Diseases","Infectious disease: viral","hsa05170","Human immunodeficiency virus 1 infection","4/10","214/9421",0.0186915887850467,17.6093457943925,8.01139060254383,4.88306489967962e-05,0.000143004043490618,4.49755977602071e-05,"207/7124/836/596",4
"Human Diseases","Cancer: specific types","hsa05218","Melanoma","3/10","73/9421",0.0410958904109589,38.7164383561644,10.5448478447053,5.15184804788139e-05,0.000148228610500447,4.6618754265224e-05,"207/7157/5728",3
"Human Diseases","Cancer: specific types","hsa05214","Glioma","3/10","76/9421",0.0394736842105263,37.1881578947368,10.3250267266839,5.81335675218415e-05,0.000164377673682448,5.16977279232347e-05,"207/7157/5728",3
"Human Diseases","Neurodegenerative disease","hsa05022","Pathways of neurodegeneration - multiple diseases","5/10","481/9421",0.0103950103950104,9.79313929313929,6.45290537071754,6.91527699972834e-05,0.0001922212589755,6.04546963401764e-05,"7124/836/596/3553/3569",5
"Organismal Systems","Immune system","hsa04623","Cytosolic DNA-sensing pathway","3/10","83/9421",0.036144578313253,34.0518072289157,9.85859185429853,7.5682610309122e-05,0.0002068658015116,6.5060489563982e-05,"836/3553/3569",3
"Human Diseases","Cancer: overview","hsa05235","PD-L1 expression and PD-1 checkpoint pathway in cancer","3/10","90/9421",0.0333333333333333,31.4033333333333,9.44682620644251,9.639011635842e-05,0.000259147198078375,8.15032907948677e-05,"207/3091/5728",3
"Human Diseases","Immune disease","hsa05323","Rheumatoid arthritis","3/10","95/9421",0.0315789473684211,29.7505263157895,9.18052380782902,0.000113249369452043,0.000299562848227986,9.42142462334487e-05,"7124/3553/3569",3
"Human Diseases","Neurodegenerative disease","hsa05020","Prion disease","4/10","276/9421",0.0144927536231884,13.6536231884058,6.95480805259849,0.000131669110060783,0.000338072863688267,0.000106325868554076,"7124/836/3553/3569",4
"Organismal Systems","Immune system","hsa04640","Hematopoietic cell lineage","3/10","100/9421",0.03,28.263,8.93408241167763,0.000131930873634446,0.000338072863688267,0.000106325868554076,"7124/3553/3569",3
"Environmental Information Processing","Signal transduction","hsa04064","NF-kappa B signaling pathway","3/10","105/9421",0.0285714285714286,26.9171428571429,8.70511668556881,0.000152520608062167,0.000384821226495315,0.000121028498705202,"7124/596/3553",3
"Organismal Systems","Immune system","hsa04659","Th17 cell differentiation","3/10","109/9421",0.0275229357798165,25.9293577981651,8.53317045203854,0.000170423424540966,0.000423476388253308,0.000133185770374917,"3553/3091/3569",3
"Organismal Systems","Nervous system","hsa04722","Neurotrophin signaling pathway","3/10","120/9421",0.025,23.5525,8.10453415811775,0.000226583174461138,0.000554621501666068,0.000174431666120907,"207/7157/596",3
"Organismal Systems","Endocrine system","hsa04919","Thyroid hormone signaling pathway","3/10","122/9421",0.0245901639344262,23.1663934426229,8.03275264211091,0.000237934197157864,0.00057384129902779,0.000180476403416956,"207/7157/3091",3
"Environmental Information Processing","Signal transduction","hsa04068","FoxO signaling pathway","3/10","133/9421",0.0225563909774436,21.2503759398496,7.66664531752043,0.000307006691209702,0.000729697063165089,0.000229493941560266,"207/3569/5728",3
"Organismal Systems","Endocrine system","hsa04915","Estrogen signaling pathway","3/10","139/9421",0.0215827338129496,20.3330935251799,7.4850642857779,0.000349625685182229,0.000819123033855508,0.000257618925923748,"207/596/4318",3
"Organismal Systems","Development and regeneration","hsa04380","Osteoclast differentiation","3/10","142/9421",0.0211267605633803,19.9035211267606,7.39850303880853,0.00037230011255764,0.000859960823372577,0.00027046264663194,"207/7124/3553",3
"Human Diseases","Neurodegenerative disease","hsa05014","Amyotrophic lateral sclerosis","4/10","369/9421",0.010840108401084,10.2124661246612,5.88470069761101,0.000403007723101318,0.000917962035953003,0.000288704363040418,"7157/7124/836/596",4
"Human Diseases","Cancer: specific types","hsa05224","Breast cancer","3/10","148/9421",0.0202702702702703,19.0966216216216,7.23312213442305,0.000420462114397774,0.000944599818647055,0.000297082099574491,"207/7157/5728",3
"Human Diseases","Cancer: specific types","hsa05226","Gastric cancer","3/10","150/9421",0.02,18.842,7.18014870313757,0.000437367537687654,0.000969301029469936,0.000304850773068209,"207/7157/596",3
"Cellular Processes","Cell growth and death","hsa04215","Apoptosis - multiple species","2/10","32/9421",0.0625,58.88125,10.6908142992475,0.000494533749623279,0.0010813804658429,0.000340100403249693,"836/596",2
"Environmental Information Processing","Signal transduction","hsa04150","mTOR signaling pathway","3/10","158/9421",0.0189873417721519,17.8879746835443,6.97811054942236,0.000509374900706497,0.00109917741731402,0.000345697647293883,"207/7124/5728",3
"Cellular Processes","Cell growth and death","hsa04217","Necroptosis","3/10","168/9421",0.0178571428571429,16.8232142857143,6.74552310237414,0.000609607286569143,0.00128173839740179,0.000403114130119946,"7124/596/3553",3
"Environmental Information Processing","Signal transduction","hsa04630","JAK-STAT signaling pathway","3/10","168/9421",0.0178571428571429,16.8232142857143,6.74552310237414,0.000609607286569143,0.00128173839740179,0.000403114130119946,"207/596/3569",3
"Human Diseases","Cancer: specific types","hsa05225","Hepatocellular carcinoma","3/10","170/9421",0.0176470588235294,16.6252941176471,6.70140531538051,0.000631063557185588,0.00131005599213211,0.000412020177243089,"207/7157/5728",3
"Human Diseases","Cancer: specific types","hsa05219","Bladder cancer","2/10","41/9421",0.048780487804878,45.9560975609756,9.40343829069402,0.000813417757563094,0.00166750640300434,0.000524440396323574,"7157/4318",2
"Human Diseases","Endocrine and metabolic disease","hsa04940","Type I diabetes mellitus","2/10","44/9421",0.0454545454545455,42.8227272727273,9.0638830824637,0.000936812643844552,0.00189675646408033,0.00059654086482629,"7124/3553",2
"Human Diseases","Cancer: overview","hsa05202","Transcriptional misregulation in cancer","3/10","201/9421",0.0149253731343284,14.0611940298507,6.1013089111396,0.00102786422679373,0.00205572845358745,0.000646538473849712,"7157/4318/3569",3
"Cellular Processes","Cellular community - eukaryotes","hsa04510","Focal adhesion","3/10","203/9421",0.0147783251231527,13.9226600985222,6.06721175967387,0.00105781866402831,0.00209014772169449,0.000657363532496983,"207/596/5728",3
"Human Diseases","Cardiovascular disease","hsa05415","Diabetic cardiomyopathy","3/10","205/9421",0.0146341463414634,13.7868292682927,6.03359463128643,0.00108832578967067,0.00212482654173797,0.000668270221727601,"207/4318/5728",3
"Human Diseases","Cancer: overview","hsa05208","Chemical carcinogenesis - reactive oxygen species","3/10","227/9421",0.013215859030837,12.4506607929515,5.6924443444976,0.00146155352494356,0.00281993856577345,0.0008868869686964,"207/3091/5728",3
"Human Diseases","Infectious disease: viral","hsa05171","Coronavirus disease","3/10","239/9421",0.0125523012552301,11.8255230125523,5.52569307725106,0.00169544521147043,0.00323317458931571,0.00101685208521483,"7124/3553/3569",3
"Organismal Systems","Immune system","hsa04664","Fc epsilon RI signaling pathway","2/10","69/9421",0.0289855072463768,27.3072463768116,7.14916389026695,0.00229053730271942,0.00431779445570098,0.00135797129864793,"207/7124",2
"Organismal Systems","Endocrine system","hsa04920","Adipocytokine signaling pathway","2/10","70/9421",0.0285714285714286,26.9171428571429,7.09438378471324,0.00235657020427421,0.00434244397192101,0.00136572371389043,"207/7124",2
"Human Diseases","Cancer: specific types","hsa05211","Renal cell carcinoma","2/10","70/9421",0.0285714285714286,26.9171428571429,7.09438378471324,0.00235657020427421,0.00434244397192101,0.00136572371389043,"207/3091",2
"Human Diseases","Cancer: specific types","hsa05223","Non-small cell lung cancer","2/10","73/9421",0.0273972602739726,25.8109589041096,6.93670446966555,0.00256006065779811,0.00466499942087656,0.0014671692658726,"207/7157",2
"Human Diseases","Cancer: specific types","hsa05212","Pancreatic cancer","2/10","77/9421",0.025974025974026,24.4701298701299,6.74065353279166,0.0028439026205865,0.0050695655410455,0.00159440764769724,"207/7157",2
"Human Diseases","Cancer: specific types","hsa05220","Chronic myeloid leukemia","2/10","77/9421",0.025974025974026,24.4701298701299,6.74065353279166,0.0028439026205865,0.0050695655410455,0.00159440764769724,"207/7157",2
"Human Diseases","Infectious disease: parasitic","hsa05140","Leishmaniasis","2/10","78/9421",0.0256410256410256,24.1564102564103,6.69395713269255,0.00291708848996445,0.00514411303606634,0.00161785326551509,"7124/3553",2
"Environmental Information Processing","Signaling molecules and interaction","hsa04060","Cytokine-cytokine receptor interaction","3/10","298/9421",0.0100671140939597,9.48422818791946,4.85131193066887,0.00318683476713142,0.00556000959371864,0.00174865513538006,"7124/3553/3569",3
"Organismal Systems","Aging","hsa04211","Longevity regulating pathway","2/10","90/9421",0.0222222222222222,20.9355555555556,6.19431187355157,0.00386405338655587,0.00667057637258066,0.00209793480267299,"207/7157",2
"Human Diseases","Cancer: overview","hsa05231","Choline metabolism in cancer","2/10","99/9421",0.0202020202020202,19.0323232323232,5.87925498748457,0.00465646621709447,0.00787278824333498,0.00247603738076646,"207/3091",2
"Human Diseases","Cardiovascular disease","hsa05410","Hypertrophic cardiomyopathy","2/10","99/9421",0.0202020202020202,19.0323232323232,5.87925498748457,0.00465646621709447,0.00787278824333498,0.00247603738076646,"7124/3569",2
"Environmental Information Processing","Signaling molecules and interaction","hsa04061","Viral protein interaction with cytokine and cytokine receptor","2/10","100/9421",0.02,18.842,5.84682164065408,0.00474880367308345,0.00794697757536414,0.00249937035425445,"7124/3569",2
"Cellular Processes","Transport and catabolism","hsa04137","Mitophagy - animal","2/10","105/9421",0.019047619047619,17.9447619047619,5.69145026530115,0.00522324992250436,0.00865265643727996,0.00272131043277739,"7157/3091",2
"Organismal Systems","Nervous system","hsa04725","Cholinergic synapse","2/10","115/9421",0.0173913043478261,16.384347826087,5.41070742866016,0.00623532413865836,0.0102259315873997,0.00321611455572905,"207/596",2
"Organismal Systems","Immune system","hsa04660","T cell receptor signaling pathway","2/10","122/9421",0.0163934426229508,15.444262295082,5.23437366635649,0.00699323582850529,0.0113553532264838,0.00357132418547951,"207/7124",2
"Organismal Systems","Endocrine system","hsa04926","Relaxin signaling pathway","2/10","130/9421",0.0153846153846154,14.4938461538462,5.0499114769746,0.00790854115118781,0.0127156936156353,0.00399915909605988,"207/4318",2
"Organismal Systems","Immune system","hsa04650","Natural killer cell mediated cytotoxicity","2/10","133/9421",0.0150375939849624,14.1669172932331,4.98489929827415,0.00826514053892922,0.013160029595965,0.0041389053286411,"7124/836",2
"Organismal Systems","Circulatory system","hsa04261","Adrenergic signaling in cardiomyocytes","2/10","154/9421",0.012987012987013,12.2350649350649,4.58219883364096,0.0109613979396962,0.017285281366444,0.00543632084053757,"207/596",2
"Cellular Processes","Transport and catabolism","hsa04148","Efferocytosis","2/10","157/9421",0.0127388535031847,12.0012738853503,4.53107337011595,0.0113746828798495,0.0177661713551935,0.00558756351992607,"836/3091",2
"Human Diseases","Cancer: overview","hsa05203","Viral carcinogenesis","2/10","205/9421",0.00975609756097561,9.19121951219512,3.86510971840544,0.0189006887605546,0.0292425750634995,0.00919695878120331,"7157/836",2
"Human Diseases","Cancer: overview","hsa05207","Chemical carcinogenesis - receptor activation","2/10","217/9421",0.00921658986175115,8.68294930875576,3.73230472307041,0.0210402708382518,0.0322486394156383,0.0101423833848927,"207/596",2
"Human Diseases","Neurodegenerative disease","hsa05012","Parkinson disease","2/10","269/9421",0.00743494423791822,7.00446096654275,3.25686475896615,0.0314206473719918,0.0477128348982098,0.0150059621952008,"7157/836",2
