Gene_Symbol,Database
KIF1B,OMIM
MTOR,OMIM
SDHB,OMIM
PLA2G2A,OMIM
RCC1,OMIM
NRAS,OMIM
PRCC,OMIM
CDC73,OMIM
GFND1,OMIM
KDM5B,OMIM
FH,OMIM
EPAS1,OMIM
TMEM127,OMIM
BUB1,OMIM
COL4A3,OMIM
OGG1,OMIM
VHL,OMIM
PPARG,OMIM
RAF1,OMIM
TRICY1,OMIM
CTNNB1,OMIM
SETD2,OMIM
MANF,OMIM
BAP1,OMIM
PBRM1,OMIM
MITF,OMIM
ROBO1,OMIM
PIK3CA,OMIM
FGFR3,OMIM
FGF5,OMIM
TET2,OMIM
TLR2,OMIM
TERT,OMIM
APC,OMIM
MCC,OMIM
TRIM36,OMIM
NPM1,OMIM
RRAGD,OMIM
PTPN12,OMIM
MET,OMIM
POT1,OMIM
BRAF,OMIM
DLC1,OMIM
PDGFRL,OMIM
RAD54B,OMIM
RNF139,OMIM
KANK1,OMIM
CD274,OMIM
FBP1,OMIM
SET,OMIM
TSC1,OMIM
NOTCH1,OMIM
RET,OMIM
BMPR1A,OMIM
KLLN,OMIM
PTEN,OMIM
HRAS,OMIM
CCDC34,OMIM
WT1,OMIM
PTPRJ,OMIM
FIBP,OMIM
CCND1,OMIM
SDHD,OMIM
PRDM10,OMIM
IRAK4,OMIM
HNF1A,OMIM
BRCA2,OMIM
MAX,OMIM
MLH3,OMIM
AKT1,OMIM
BUB1B,OMIM
CA12,OMIM
TSC2,OMIM
TP53,OMIM
FLCN,OMIM
HNF1B,OMIM
SPOP,OMIM
CLTC,OMIM
AXIN2,OMIM
ASPSCR1,OMIM
DCC,OMIM
NDUFA13,OMIM
APOE,OMIM
BAX,OMIM
RBCK1,OMIM
SRC,OMIM
AURKA,OMIM
SPECC1L,OMIM
EP300,OMIM
TFE3,OMIM
NONO,OMIM
RLIM,OMIM
GPC3,OMIM
L1CAM,OMIM
CMT2A,OMIM
FRAP1,OMIM
SDH2,OMIM
PLA2B,OMIM
CHC1,OMIM
ALPS4,OMIM
RCCP1,OMIM
HRPT2,OMIM
JARID1B,OMIM
HLRCC,OMIM
MOP2,OMIM
MCPH30,OMIM
ATS3A,OMIM
PPARG1,OMIM
CRAF,OMIM
NEDSDV,OMIM
SET2,OMIM
ARMET,OMIM
TPDS1,OMIM
PB1,OMIM
WS2A,OMIM
DUTT1,OMIM
CLOVE,OMIM
ACH,OMIM
TCMGLY,OMIM
KIAA1546,OMIM
TIL4,OMIM
TCS1,OMIM
GS,OMIM
RBCC728,OMIM
RAGD,OMIM
PTPG1,OMIM
DFNB97,OMIM
PFBMFT8,OMIM
NS7,OMIM
PDGRL,OMIM
TRC8,OMIM
KANK,OMIM
PDCD1LG1,OMIM
MRD58,OMIM
LAM,OMIM
TAN1,OMIM
MEN2A,OMIM
ACVRLK3,OMIM
CWS4,OMIM
MMAC1,OMIM
SPGF76,OMIM
NPHS4,OMIM
DEP1,OMIM
TROFAS,OMIM
PRAD1,OMIM
PPGL1,OMIM
TRIS,OMIM
REN64,OMIM
TCF1,OMIM
FANCD1,OMIM
PDMCS,OMIM
HNPCC7,OMIM
CWS6,OMIM
BUBR1,OMIM
P53,OMIM
BHD,OMIM
TCF2,OMIM
NSDVS1,OMIM
MRD56,OMIM
ODCRCS,OMIM
RCC17,OMIM
MRMV1,OMIM
GRIM19,OMIM
AD2,OMIM
HOIL1,OMIM
ASV,OMIM
STK15,OMIM
KIAA0376,OMIM
RSTS2,OMIM
RCCX1,OMIM
NRB54,OMIM
RNF12,OMIM
SDYS,OMIM
CAML1,OMIM
MC2DN4,OMIM
NBLST1,OMIM
NCMS,OMIM
PPGL4,OMIM
MOM1,OMIM
RBBP2H1A,OMIM
CMNS,OMIM
PLU1,OMIM
FMRD,OMIM
ECYT4,OMIM
NYS8,OMIM
MCMTC,OMIM
BFH2,OMIM
KIAA1732,OMIM
FPLD3,OMIM
CMD1NN,OMIM
HBP231,OMIM
DDDS,OMIM
UVM2,OMIM
RCC,OMIM
COMMAD,OMIM
CPHD8,OMIM
MCM,OMIM
ADMIO5,OMIM
IDDM20,OMIM
IMD75,OMIM
HMH,OMIM
DKCA2,OMIM
BTPS2,OMIM
DA11,OMIM
TPDS3,OMIM
CMT2A1,OMIM
SKS,OMIM
SDHIP,OMIM
PLA2L,OMIM
IIAAN,OMIM
NS6,OMIM
RALD1,OMIM
C1orf28,OMIM
MRT65,OMIM
PUT1,OMIM
MCUL1,OMIM
HIF2A,OMIM
DKCB4,OMIM
DESMD,OMIM
ATS3B,OMIM
NORS,OMIM
CWS5,OMIM
PPARG2,OMIM
NS5,OMIM
PFBMFT1,OMIM
EVR7,OMIM
HYPB,OMIM
ARP,OMIM
KURIS,OMIM
BAF180,OMIM
CMM8,OMIM
SAX3,OMIM
MCAP,OMIM
CLAPO,OMIM
RAPAS,OMIM
MDS,OMIM
LLS,OMIM
EST2,OMIM
FPC,OMIM
MRD70,OMIM
ANPH1,OMIM
CMM9,OMIM
HOMG7,OMIM
CCM4,OMIM
OSFD,OMIM
CRMCC3,OMIM
CPSQ2,OMIM
KIAA0172,OMIM
PRLTS,OMIM
GLM3,OMIM
RCA1,OMIM
ANKRD15,OMIM
B7H1,OMIM
AOVD1,OMIM
BHD2,OMIM
IMD67,OMIM
AOS5,OMIM
HSCR1,OMIM
ALK3,OMIM
CWS1,OMIM
GLM2,OMIM
PNCA2,OMIM
RCAD,OMIM
ASPS,OMIM
THC10,OMIM
LDLCQ5,OMIM
BCL1,OMIM
MC2DN3,OMIM
KIAA1231,OMIM
IPD1,OMIM
MODY3,OMIM
BROVCA2,OMIM
BCC7,OMIM
T2D,OMIM
BMFS5,OMIM
MVA1,OMIM
ADTKD3,OMIM
STK6,OMIM
LFS1,OMIM
AIK,OMIM
HNF2,OMIM
NSDVS2,OMIM
ARK1,OMIM
C20orf18,OMIM
ASPL,OMIM
HGPPS2,OMIM
MC1DN28,OMIM
LPG,OMIM
PGBM1,OMIM
SRC1,OMIM
AURORA2,OMIM
OBLFC1,OMIM
MKHK2,OMIM
MRXSPF,OMIM
MRXS34,OMIM
TOKAS,OMIM
SGBS1,OMIM
HYCX,OMIM
SPG1,OMIM
PBMEI,OMIM
THC6,OMIM
BTAK,OMIM
TBHS1,OMIM
MASA,OMIM